First Name,Last Name,Account Name,Title,Email,Phone
James,Davis,Riverside Beverage Distributors,Procurement Lead,james.davis@riversidebeveraged.com,(665) 534-6529
Maria,Rodriguez,Coastal Drinks Wholesale,Store Manager,maria.rodriguez@coastaldrinkswhole.com,(484) 970-7906
David,Martinez,Metro Retail Group,Owner,david.martinez@metroretailgroup.com,(283) 681-1317
Linda,Hernandez,Sunbelt Markets,Operations Director,linda.hernandez@sunbeltmarkets.com,(752) 253-6733
Robert,Lopez,Greenfield Grocers,Purchasing Manager,robert.lopez@greenfieldgrocers.com,(865) 270-1659
Susan,Wilson,Lakeside Supply Co,Regional Buyer,susan.wilson@lakesidesupplyco.com,(453) 404-1333
Michael,Anderson,Pinecrest Distribution,Procurement Lead,michael.anderson@pinecrestdistribut.com,(356) 444-3068
Patricia,Thomas,Harbor Point Retail,Procurement Lead,patricia.thomas@harborpointretail.com,(885) 317-4571
John,Taylor,Valley Fresh Markets,Operations Director,john.taylor@valleyfreshmarkets.com,(916) 462-7043
Barbara,Moore,Summit Wholesale Foods,Operations Director,barbara.moore@summitwholesalefoo.com,(820) 821-2876
William,Jackson,Northgate Beverage Co,Store Manager,william.jackson@northgatebeveragec.com,(518) 310-1420
Jennifer,Martin,Cedar Ridge Retailers,Procurement Lead,jennifer.martin@cedarridgeretailer.com,(789) 893-7149
Richard,Lee,Bayview Distribution,Regional Buyer,richard.lee@bayviewdistributio.com,(932) 403-2245
Elizabeth,Perez,Crossroads Supply,Purchasing Manager,elizabeth.perez@crossroadssupply.com,(907) 842-4978
Joseph,Thompson,Maple Street Markets,Regional Buyer,joseph.thompson@maplestreetmarkets.com,(913) 508-2983
Karen,White,Union Square Retail,Procurement Lead,karen.white@unionsquareretail.com,(242) 555-9728
Thomas,Harris,Foothill Beverage Group,Regional Buyer,thomas.harris@foothillbeveragegr.com,(877) 579-2129
Nancy,Sanchez,Eastgate Wholesale,Procurement Lead,nancy.sanchez@eastgatewholesale.com,(863) 549-1207
Charles,Clark,Crystal Springs Distributors,Store Manager,charles.clark@crystalspringsdist.com,(701) 308-8102
Lisa,Ramirez,Liberty Market Co,Procurement Lead,lisa.ramirez@libertymarketco.com,(850) 670-3506
Daniel,Lewis,Westfield Retail Partners,Owner,daniel.lewis@westfieldretailpar.com,(380) 951-9548
Margaret,Robinson,Oakwood Beverage Supply,Procurement Lead,margaret.robinson@oakwoodbeveragesup.com,(476) 830-9817
Matthew,Walker,Silverlake Distribution,Store Manager,matthew.walker@silverlakedistribu.com,(676) 646-5397
Sandra,Young,Brighton Markets,Procurement Lead,sandra.young@brightonmarkets.com,(451) 288-5569
Anthony,Allen,Hilltop Wholesale Group,Regional Buyer,anthony.allen@hilltopwholesalegr.com,(449) 968-8613
Ashley,King,Riverbend Retailers,Store Manager,ashley.king@riverbendretailers.com,(824) 884-7209
Mark,Wright,Stonegate Supply Co,Operations Director,mark.wright@stonegatesupplyco.com,(229) 706-6325
Kimberly,Scott,Parkside Beverage Distributors,Store Manager,kimberly.scott@parksidebeveragedi.com,(699) 417-6813
Paul,Torres,Meadowbrook Markets,Regional Buyer,paul.torres@meadowbrookmarkets.com,(548) 486-5526
Emily,Nguyen,Anchor Point Wholesale,Purchasing Manager,emily.nguyen@anchorpointwholesa.com,(210) 729-4130
Steven,Hill,Redwood Distribution Co,Procurement Lead,steven.hill@redwooddistributio.com,(447) 937-7658
Donna,Flores,Lighthouse Retail Group,Owner,donna.flores@lighthouseretailgr.com,(768) 976-4937
Andrew,Green,Granite Hills Supply,Procurement Lead,andrew.green@granitehillssupply.com,(687) 861-9041
Michelle,Adams,Tidewater Beverage Co,Operations Director,michelle.adams@tidewaterbeveragec.com,(217) 295-5820
Kenneth,Nelson,Cascade Wholesale Foods,Store Manager,kenneth.nelson@cascadewholesalefo.com,(614) 908-4986
Carol,Baker,Fairview Markets,Procurement Lead,carol.baker@fairviewmarkets.com,(879) 795-7046
George,Hall,Northstar Distribution,Procurement Lead,george.hall@northstardistribut.com,(766) 743-6632
Amanda,Rivera,Pioneer Retail Partners,Store Manager,amanda.rivera@pioneerretailpartn.com,(963) 763-6419
Joshua,Campbell,Glenwood Beverage Supply,Store Manager,joshua.campbell@glenwoodbeveragesu.com,(919) 664-5438
Melissa,Mitchell,Edgewater Markets,Owner,melissa.mitchell@edgewatermarkets.com,(457) 436-2976
Kevin,Carter,Copper Creek Wholesale,Owner,kevin.carter@coppercreekwholesa.com,(397) 523-2958
Deborah,Roberts,Heritage Distribution Co,Operations Director,deborah.roberts@heritagedistributi.com,(748) 980-4033
Brian,Gomez,Lakeshore Retail Group,Store Manager,brian.gomez@lakeshoreretailgro.com,(421) 956-8933
Stephanie,Garcia,Ironwood Supply,Regional Buyer,stephanie.garcia@ironwoodsupply.com,(941) 803-9595
Edward,Smith,Brookfield Beverage Co,Store Manager,edward.smith@brookfieldbeverage.com,(489) 302-4180
Rebecca,Johnson,Saddleback Wholesale,Store Manager,rebecca.johnson@saddlebackwholesal.com,(432) 569-3939
Ronald,Williams,Westport Markets,Operations Director,ronald.williams@westportmarkets.com,(214) 925-9751
Sharon,Brown,Quail Run Distributors,Regional Buyer,sharon.brown@quailrundistributo.com,(480) 246-1893
Timothy,Jones,Timberline Retail Group,Owner,timothy.jones@timberlineretailgr.com,(499) 914-3068
Laura,Miller,Ashford Beverage Supply,Purchasing Manager,laura.miller@ashfordbeveragesup.com,(970) 702-2680
James,Davis,Vista Point Beverage,Procurement Lead,james.davis@vistapointbeverage.com,(787) 491-8690
Maria,Rodriguez,Old Mill Distribution,Purchasing Manager,maria.rodriguez@oldmilldistributio.com,(651) 548-4020
David,Martinez,Cherrywood Retail Group,Purchasing Manager,david.martinez@cherrywoodretailgr.com,(458) 689-2869
Linda,Hernandez,Beacon Hill Wholesale,Regional Buyer,linda.hernandez@beaconhillwholesal.com,(610) 703-2213
Robert,Lopez,Springvale Markets,Operations Director,robert.lopez@springvalemarkets.com,(844) 902-1878
Susan,Wilson,Driftwood Supply Co,Purchasing Manager,susan.wilson@driftwoodsupplyco.com,(352) 776-5978
Michael,Anderson,Amberlight Distribution,Regional Buyer,michael.anderson@amberlightdistribu.com,(454) 321-7818
Patricia,Thomas,Cobblestone Retail Partners,Regional Buyer,patricia.thomas@cobblestoneretailp.com,(810) 833-4697
John,Taylor,Windsor Beverage Group,Store Manager,john.taylor@windsorbeveragegro.com,(589) 661-8253
Barbara,Moore,Thornwood Wholesale,Regional Buyer,barbara.moore@thornwoodwholesale.com,(802) 639-6003
